<?xml version="1.0" encoding="utf-16"?>
<ConfigSpaceCargoShips xmlns:xsd="http://www.w3.org/2001/XMLSchema" xmlns:xsi="http://www.w3.org/2001/XMLSchema-instance">
  <SpawnTypeBlacklist>
    <string>AddSpawnGroupIdHere</string>
    <string>AddAnotherSpawnGroupIdHere</string>
  </SpawnTypeBlacklist>
  <SpawnTypePlanetBlacklist>
    <string>AddPlanetIdHere</string>
    <string>AddAnotherPlanetIdHere</string>
  </SpawnTypePlanetBlacklist>
  <PlanetSpawnFilters>
    <PlanetSpawnFilter>
      <PlanetName>Alien</PlanetName>
      <PlanetId>7227078719122709097</PlanetId>
      <PlanetSpawnGroupBlacklist>
        <SpawnGroup>AddSpawnGroupIdHere</SpawnGroup>
        <SpawnGroup>AddAnotherSpawnGroupIdHere</SpawnGroup>
      </PlanetSpawnGroupBlacklist>
    </PlanetSpawnFilter>
    <PlanetSpawnFilter>
      <PlanetName>EarthLike</PlanetName>
      <PlanetId>3868533696819502467</PlanetId>
      <PlanetSpawnGroupBlacklist>
        <SpawnGroup>AddSpawnGroupIdHere</SpawnGroup>
        <SpawnGroup>AddAnotherSpawnGroupIdHere</SpawnGroup>
      </PlanetSpawnGroupBlacklist>
    </PlanetSpawnFilter>
    <PlanetSpawnFilter>
      <PlanetName>Moon</PlanetName>
      <PlanetId>8162427135541297003</PlanetId>
      <PlanetSpawnGroupBlacklist>
        <SpawnGroup>AddSpawnGroupIdHere</SpawnGroup>
        <SpawnGroup>AddAnotherSpawnGroupIdHere</SpawnGroup>
      </PlanetSpawnGroupBlacklist>
    </PlanetSpawnFilter>
    <PlanetSpawnFilter>
      <PlanetName>Titan</PlanetName>
      <PlanetId>6409848419840584595</PlanetId>
      <PlanetSpawnGroupBlacklist>
        <SpawnGroup>AddSpawnGroupIdHere</SpawnGroup>
        <SpawnGroup>AddAnotherSpawnGroupIdHere</SpawnGroup>
      </PlanetSpawnGroupBlacklist>
    </PlanetSpawnFilter>
    <PlanetSpawnFilter>
      <PlanetName>Europa</PlanetName>
      <PlanetId>-6999989728267602142</PlanetId>
      <PlanetSpawnGroupBlacklist>
        <SpawnGroup>AddSpawnGroupIdHere</SpawnGroup>
        <SpawnGroup>AddAnotherSpawnGroupIdHere</SpawnGroup>
      </PlanetSpawnGroupBlacklist>
    </PlanetSpawnFilter>
    <PlanetSpawnFilter>
      <PlanetName>Mars</PlanetName>
      <PlanetId>7376538848170297803</PlanetId>
      <PlanetSpawnGroupBlacklist>
        <SpawnGroup>AddSpawnGroupIdHere</SpawnGroup>
        <SpawnGroup>AddAnotherSpawnGroupIdHere</SpawnGroup>
      </PlanetSpawnGroupBlacklist>
    </PlanetSpawnFilter>
    <PlanetSpawnFilter>
      <PlanetName>Triton</PlanetName>
      <PlanetId>6525117208432977790</PlanetId>
      <PlanetSpawnGroupBlacklist>
        <SpawnGroup>AddSpawnGroupIdHere</SpawnGroup>
        <SpawnGroup>AddAnotherSpawnGroupIdHere</SpawnGroup>
      </PlanetSpawnGroupBlacklist>
    </PlanetSpawnFilter>
    <PlanetSpawnFilter>
      <PlanetName>Pertam</PlanetName>
      <PlanetId>6902088205773520807</PlanetId>
      <PlanetSpawnGroupBlacklist>
        <SpawnGroup>AddSpawnGroupIdHere</SpawnGroup>
        <SpawnGroup>AddAnotherSpawnGroupIdHere</SpawnGroup>
      </PlanetSpawnGroupBlacklist>
    </PlanetSpawnFilter>
  </PlanetSpawnFilters>
  <UseTypeDisownTimer>true</UseTypeDisownTimer>
  <TypeDisownTimer>1800</TypeDisownTimer>
  <UseTimeout>true</UseTimeout>
  <TimeoutRadius>10000</TimeoutRadius>
  <TimeoutSpawnLimit>4</TimeoutSpawnLimit>
  <TimeoutDuration>900</TimeoutDuration>
  <UseCleanupSettings>true</UseCleanupSettings>
  <OnlyCleanNpcsFromMes>true</OnlyCleanNpcsFromMes>
  <CleanupUseDistance>true</CleanupUseDistance>
  <CleanupUseTimer>false</CleanupUseTimer>
  <CleanupUseBlockLimit>false</CleanupUseBlockLimit>
  <CleanupDistanceStartsTimer>false</CleanupDistanceStartsTimer>
  <CleanupResetTimerWithinDistance>false</CleanupResetTimerWithinDistance>
  <CleanupDistanceTrigger>30000</CleanupDistanceTrigger>
  <CleanupTimerTrigger>1800</CleanupTimerTrigger>
  <CleanupBlockLimitTrigger>0</CleanupBlockLimitTrigger>
  <CleanupIncludeUnowned>true</CleanupIncludeUnowned>
  <CleanupUnpoweredOverride>true</CleanupUnpoweredOverride>
  <CleanupUnpoweredDistanceTrigger>20000</CleanupUnpoweredDistanceTrigger>
  <CleanupUnpoweredTimerTrigger>900</CleanupUnpoweredTimerTrigger>
  <UseBlockDisable>false</UseBlockDisable>
  <DisableBlocksByType>
    <string>ObjectBuilderTypeHere</string>
    <string>AnotherObjectBuilderTypeHere</string>
  </DisableBlocksByType>
  <DisableBlocksByDefinitionId>
    <string>DefinitionIdHere</string>
    <string>AnotherDefinitionIdHere</string>
  </DisableBlocksByDefinitionId>
  <ModVersion>2.71.12</ModVersion>
  <EnableSpawns>true</EnableSpawns>
  <FirstSpawnTime>300</FirstSpawnTime>
  <MinSpawnTime>780</MinSpawnTime>
  <MaxSpawnTime>1020</MaxSpawnTime>
  <MaxShipsPerArea>15</MaxShipsPerArea>
  <AreaSize>15000</AreaSize>
  <MaxSpawnAttempts>10</MaxSpawnAttempts>
  <MinPathDistanceFromPlayer>2000</MinPathDistanceFromPlayer>
  <MaxPathDistanceFromPlayer>4000</MaxPathDistanceFromPlayer>
  <MinLunarSpawnHeight>3500</MinLunarSpawnHeight>
  <MaxLunarSpawnHeight>4500</MaxLunarSpawnHeight>
  <MinSpawnDistFromEntities>1000</MinSpawnDistFromEntities>
  <MinPathDistance>10000</MinPathDistance>
  <MaxPathDistance>15000</MaxPathDistance>
  <PathCheckStep>150</PathCheckStep>
  <DespawnDistanceFromEndPath>1000</DespawnDistanceFromEndPath>
  <DespawnDistanceFromPlayer>1000</DespawnDistanceFromPlayer>
  <UseMinimumSpeed>false</UseMinimumSpeed>
  <MinimumSpeed>10</MinimumSpeed>
  <UseSpeedOverride>false</UseSpeedOverride>
  <SpeedOverride>20</SpeedOverride>
  <UseMaxSpawnGroupFrequency>false</UseMaxSpawnGroupFrequency>
  <MaxSpawnGroupFrequency>5</MaxSpawnGroupFrequency>
  <EnableWaveSpawner>false</EnableWaveSpawner>
  <UseSpecificRandomGroups>
    <string>SomeSpawnGroupNameHere</string>
    <string>AnotherSpawnGroupNameHere</string>
    <string>EtcEtcEtc</string>
  </UseSpecificRandomGroups>
  <MinWaveSpawnTime>1980</MinWaveSpawnTime>
  <MaxWaveSpawnTime>3600</MaxWaveSpawnTime>
  <TotalSpawnEventsPerCluster>6</TotalSpawnEventsPerCluster>
  <TimeBetweenWaveSpawns>8</TimeBetweenWaveSpawns>
  <PlayerClusterDistance>15000</PlayerClusterDistance>
</ConfigSpaceCargoShips>