<?xml version="1.0" encoding="utf-16"?>
<ConfigGrids xmlns:xsd="http://www.w3.org/2001/XMLSchema" xmlns:xsi="http://www.w3.org/2001/XMLSchema-instance">
  <EnableGlobalNPCWeaponRandomizer>false</EnableGlobalNPCWeaponRandomizer>
  <EnableGlobalNPCShieldProvider>false</EnableGlobalNPCShieldProvider>
  <WeaponReplacerBlacklist>
    <string>1380830774</string>
    <string>Large_SC_LaserDrill_HiddenStatic</string>
    <string>Large_SC_LaserDrill_HiddenTurret</string>
    <string>Large_SC_LaserDrill</string>
    <string>Large_SC_LaserDrillTurret</string>
    <string>Spotlight_Turret_Large</string>
    <string>Spotlight_Turret_Light_Large</string>
    <string>Spotlight_Turret_Small</string>
    <string>SmallSpotlight_Turret_Small</string>
    <string>ShieldChargerBase_Large</string>
    <string>LDualPulseLaserBase_Large</string>
    <string>AegisLargeBeamBase_Large</string>
    <string>AegisMediumeamBase_Large</string>
    <string>XLGigaBeamGTFBase_Large</string>
    <string>XLDualPulseLaserBase_Large</string>
    <string>1817300677</string>
    <string>LargeSearchlight</string>
    <string>SmallSearchlight</string>
  </WeaponReplacerBlacklist>
  <WeaponReplacerWhitelist />
  <WeaponReplacerTargetBlacklist />
  <WeaponReplacerTargetWhitelist />
  <RandomWeaponChance>100</RandomWeaponChance>
  <RandomWeaponSizeVariance>-1</RandomWeaponSizeVariance>
  <WeaponReplacerMassLimits>false</WeaponReplacerMassLimits>
  <WeaponReplacerUseTotalGridMassMultiplier>false</WeaponReplacerUseTotalGridMassMultiplier>
  <WeaponReplacerTotalGridMassMultiplier>1.2</WeaponReplacerTotalGridMassMultiplier>
  <RandomizedWeaponsUseFullRange>false</RandomizedWeaponsUseFullRange>
  <ShieldProviderChance>100</ShieldProviderChance>
  <UseGlobalBlockReplacer>true</UseGlobalBlockReplacer>
  <GlobalBlockReplacerReference />
  <GlobalBlockReplacerProfiles>
    <string>MES-Turret-InteriorToNpcInterior</string>
  </GlobalBlockReplacerProfiles>
  <UseNonPhysicalAmmoForNPCs>false</UseNonPhysicalAmmoForNPCs>
  <RemoveContainerInventoryFromNPCs>false</RemoveContainerInventoryFromNPCs>
  <UseMaxAmmoInventoryWeight>true</UseMaxAmmoInventoryWeight>
  <MaxAmmoInventoryWeight>1500</MaxAmmoInventoryWeight>
  <GlobalReplenishmentProfiles>
    <string>MES-Replenishment-BaseRules</string>
  </GlobalReplenishmentProfiles>
  <AerodynamicsModAdvLiftOverride>false</AerodynamicsModAdvLiftOverride>
  <StopCompromisedAiMovement>true</StopCompromisedAiMovement>
  <ModVersion>2.71.12</ModVersion>
</ConfigGrids>