<?xml version="1.0" encoding="utf-16"?>
<ConfigProgression xmlns:xsd="http://www.w3.org/2001/XMLSchema" xmlns:xsi="http://www.w3.org/2001/XMLSchema-instance">
  <AllowAntiJetpackInhibitorSuitUpgrade>true</AllowAntiJetpackInhibitorSuitUpgrade>
  <AllowAntiHandDrillInhibitorSuitUpgrade>true</AllowAntiHandDrillInhibitorSuitUpgrade>
  <AllowAntiPersonnelInhibitorSuitUpgrade>true</AllowAntiPersonnelInhibitorSuitUpgrade>
  <AllowAntiEnergyInhibitorSuitUpgrade>true</AllowAntiEnergyInhibitorSuitUpgrade>
  <AllowSolarChargingSuitUpgrade>true</AllowSolarChargingSuitUpgrade>
  <AllowDamageReductionSuitUpgrade>true</AllowDamageReductionSuitUpgrade>
  <ModVersion>2.71.12</ModVersion>
</ConfigProgression>