<?xml version="1.0" encoding="utf-16"?>
<ConfigGeneral xmlns:xsd="http://www.w3.org/2001/XMLSchema" xmlns:xsi="http://www.w3.org/2001/XMLSchema-instance">
  <ModVersion>2.71.12</ModVersion>
  <SpawnerDebug>false</SpawnerDebug>
  <BehaviorDebug>false</BehaviorDebug>
  <EnableLegacySpaceCargoShipDetection>true</EnableLegacySpaceCargoShipDetection>
  <UseModIdSelectionForSpawning>true</UseModIdSelectionForSpawning>
  <UseWeightedModIdSelection>true</UseWeightedModIdSelection>
  <LowWeightModIdSpawnGroups>10</LowWeightModIdSpawnGroups>
  <LowWeightModIdModifier>1</LowWeightModIdModifier>
  <MediumWeightModIdSpawnGroups>19</MediumWeightModIdSpawnGroups>
  <MediumWeightModIdModifier>2</MediumWeightModIdModifier>
  <HighWeightModIdSpawnGroups>20</HighWeightModIdSpawnGroups>
  <HighWeightModIdModifier>3</HighWeightModIdModifier>
  <UseMaxNpcGrids>false</UseMaxNpcGrids>
  <UseGlobalEventsTimers>false</UseGlobalEventsTimers>
  <IgnorePlanetWhitelists>false</IgnorePlanetWhitelists>
  <IgnorePlanetBlacklists>false</IgnorePlanetBlacklists>
  <ThreatRefreshTimerMinimum>20</ThreatRefreshTimerMinimum>
  <ThreatReductionHandicap>0</ThreatReductionHandicap>
  <MaxGlobalNpcGrids>50</MaxGlobalNpcGrids>
  <PlayerWatcherTimerTrigger>10</PlayerWatcherTimerTrigger>
  <NpcDistanceCheckTimerTrigger>1</NpcDistanceCheckTimerTrigger>
  <NpcOwnershipCheckTimerTrigger>10</NpcOwnershipCheckTimerTrigger>
  <NpcCleanupCheckTimerTrigger>60</NpcCleanupCheckTimerTrigger>
  <NpcBlacklistCheckTimerTrigger>5</NpcBlacklistCheckTimerTrigger>
  <SpawnedVoxelCheckTimerTrigger>900</SpawnedVoxelCheckTimerTrigger>
  <SpawnedVoxelMinimumGridDistance>1000</SpawnedVoxelMinimumGridDistance>
  <PlanetSpawnsDisableList>
    <string>Planet_SubtypeId_Here</string>
    <string>Planet_SubtypeId_Here</string>
  </PlanetSpawnsDisableList>
  <NpcGridNameBlacklist>
    <string>BlackList_Grid_Name_Here</string>
    <string>BlackList_Grid_Name_Here</string>
  </NpcGridNameBlacklist>
  <NpcSpawnGroupBlacklist>
    <string>BlackList_SpawnGroup_Here</string>
    <string>BlackList_SpawnGroup_Here</string>
  </NpcSpawnGroupBlacklist>
  <UseEconomyBuyingReputationIncrease>true</UseEconomyBuyingReputationIncrease>
  <EconomyBuyingReputationCostAmount>500000</EconomyBuyingReputationCostAmount>
  <Difficulty>1</Difficulty>
</ConfigGeneral>