<?xml version="1.0" encoding="utf-16"?>
<ConfigDroneEncounters xmlns:xsd="http://www.w3.org/2001/XMLSchema" xmlns:xsi="http://www.w3.org/2001/XMLSchema-instance">
  <SpawnTypeBlacklist>
    <string>AddSpawnGroupIdHere</string>
    <string>AddAnotherSpawnGroupIdHere</string>
  </SpawnTypeBlacklist>
  <SpawnTypePlanetBlacklist>
    <string>AddPlanetIdHere</string>
    <string>AddAnotherPlanetIdHere</string>
  </SpawnTypePlanetBlacklist>
  <PlanetSpawnFilters>
    <PlanetSpawnFilter>
      <PlanetName>Alien</PlanetName>
      <PlanetId>7227078719122709097</PlanetId>
      <PlanetSpawnGroupBlacklist>
        <SpawnGroup>AddSpawnGroupIdHere</SpawnGroup>
        <SpawnGroup>AddAnotherSpawnGroupIdHere</SpawnGroup>
      </PlanetSpawnGroupBlacklist>
    </PlanetSpawnFilter>
    <PlanetSpawnFilter>
      <PlanetName>EarthLike</PlanetName>
      <PlanetId>3868533696819502467</PlanetId>
      <PlanetSpawnGroupBlacklist>
        <SpawnGroup>AddSpawnGroupIdHere</SpawnGroup>
        <SpawnGroup>AddAnotherSpawnGroupIdHere</SpawnGroup>
      </PlanetSpawnGroupBlacklist>
    </PlanetSpawnFilter>
    <PlanetSpawnFilter>
      <PlanetName>Moon</PlanetName>
      <PlanetId>8162427135541297003</PlanetId>
      <PlanetSpawnGroupBlacklist>
        <SpawnGroup>AddSpawnGroupIdHere</SpawnGroup>
        <SpawnGroup>AddAnotherSpawnGroupIdHere</SpawnGroup>
      </PlanetSpawnGroupBlacklist>
    </PlanetSpawnFilter>
    <PlanetSpawnFilter>
      <PlanetName>Titan</PlanetName>
      <PlanetId>6409848419840584595</PlanetId>
      <PlanetSpawnGroupBlacklist>
        <SpawnGroup>AddSpawnGroupIdHere</SpawnGroup>
        <SpawnGroup>AddAnotherSpawnGroupIdHere</SpawnGroup>
      </PlanetSpawnGroupBlacklist>
    </PlanetSpawnFilter>
    <PlanetSpawnFilter>
      <PlanetName>Europa</PlanetName>
      <PlanetId>-6999989728267602142</PlanetId>
      <PlanetSpawnGroupBlacklist>
        <SpawnGroup>AddSpawnGroupIdHere</SpawnGroup>
        <SpawnGroup>AddAnotherSpawnGroupIdHere</SpawnGroup>
      </PlanetSpawnGroupBlacklist>
    </PlanetSpawnFilter>
    <PlanetSpawnFilter>
      <PlanetName>Mars</PlanetName>
      <PlanetId>7376538848170297803</PlanetId>
      <PlanetSpawnGroupBlacklist>
        <SpawnGroup>AddSpawnGroupIdHere</SpawnGroup>
        <SpawnGroup>AddAnotherSpawnGroupIdHere</SpawnGroup>
      </PlanetSpawnGroupBlacklist>
    </PlanetSpawnFilter>
    <PlanetSpawnFilter>
      <PlanetName>Triton</PlanetName>
      <PlanetId>6525117208432977790</PlanetId>
      <PlanetSpawnGroupBlacklist>
        <SpawnGroup>AddSpawnGroupIdHere</SpawnGroup>
        <SpawnGroup>AddAnotherSpawnGroupIdHere</SpawnGroup>
      </PlanetSpawnGroupBlacklist>
    </PlanetSpawnFilter>
    <PlanetSpawnFilter>
      <PlanetName>Pertam</PlanetName>
      <PlanetId>6902088205773520807</PlanetId>
      <PlanetSpawnGroupBlacklist>
        <SpawnGroup>AddSpawnGroupIdHere</SpawnGroup>
        <SpawnGroup>AddAnotherSpawnGroupIdHere</SpawnGroup>
      </PlanetSpawnGroupBlacklist>
    </PlanetSpawnFilter>
  </PlanetSpawnFilters>
  <UseTypeDisownTimer>false</UseTypeDisownTimer>
  <TypeDisownTimer>0</TypeDisownTimer>
  <UseTimeout>true</UseTimeout>
  <TimeoutRadius>10000</TimeoutRadius>
  <TimeoutSpawnLimit>2</TimeoutSpawnLimit>
  <TimeoutDuration>900</TimeoutDuration>
  <UseCleanupSettings>true</UseCleanupSettings>
  <OnlyCleanNpcsFromMes>true</OnlyCleanNpcsFromMes>
  <CleanupUseDistance>true</CleanupUseDistance>
  <CleanupUseTimer>false</CleanupUseTimer>
  <CleanupUseBlockLimit>false</CleanupUseBlockLimit>
  <CleanupDistanceStartsTimer>false</CleanupDistanceStartsTimer>
  <CleanupResetTimerWithinDistance>false</CleanupResetTimerWithinDistance>
  <CleanupDistanceTrigger>30000</CleanupDistanceTrigger>
  <CleanupTimerTrigger>1800</CleanupTimerTrigger>
  <CleanupBlockLimitTrigger>0</CleanupBlockLimitTrigger>
  <CleanupIncludeUnowned>true</CleanupIncludeUnowned>
  <CleanupUnpoweredOverride>true</CleanupUnpoweredOverride>
  <CleanupUnpoweredDistanceTrigger>20000</CleanupUnpoweredDistanceTrigger>
  <CleanupUnpoweredTimerTrigger>900</CleanupUnpoweredTimerTrigger>
  <UseBlockDisable>false</UseBlockDisable>
  <DisableBlocksByType>
    <string>ObjectBuilderTypeHere</string>
    <string>AnotherObjectBuilderTypeHere</string>
  </DisableBlocksByType>
  <DisableBlocksByDefinitionId>
    <string>DefinitionIdHere</string>
    <string>AnotherDefinitionIdHere</string>
  </DisableBlocksByDefinitionId>
  <ModVersion>2.71.12</ModVersion>
  <EnableSpawns>true</EnableSpawns>
  <PlayerSpawnCooldown>0</PlayerSpawnCooldown>
  <SpawnTimerTrigger>30</SpawnTimerTrigger>
  <MaxSpawnAttempts>5</MaxSpawnAttempts>
  <MinDistanceFromOtherEntities>800</MinDistanceFromOtherEntities>
</ConfigDroneEncounters>