<?xml version="1.0" encoding="utf-16"?>
<ConfigOtherNPCs xmlns:xsd="http://www.w3.org/2001/XMLSchema" xmlns:xsi="http://www.w3.org/2001/XMLSchema-instance">
  <SpawnTypeBlacklist>
    <string>AddSpawnGroupIdHere</string>
    <string>AddAnotherSpawnGroupIdHere</string>
  </SpawnTypeBlacklist>
  <SpawnTypePlanetBlacklist>
    <string>AddPlanetIdHere</string>
    <string>AddAnotherPlanetIdHere</string>
  </SpawnTypePlanetBlacklist>
  <PlanetSpawnFilters />
  <UseTypeDisownTimer>false</UseTypeDisownTimer>
  <TypeDisownTimer>0</TypeDisownTimer>
  <UseTimeout>false</UseTimeout>
  <TimeoutRadius>10000</TimeoutRadius>
  <TimeoutSpawnLimit>4</TimeoutSpawnLimit>
  <TimeoutDuration>900</TimeoutDuration>
  <UseCleanupSettings>true</UseCleanupSettings>
  <OnlyCleanNpcsFromMes>true</OnlyCleanNpcsFromMes>
  <CleanupUseDistance>true</CleanupUseDistance>
  <CleanupUseTimer>false</CleanupUseTimer>
  <CleanupUseBlockLimit>false</CleanupUseBlockLimit>
  <CleanupDistanceStartsTimer>false</CleanupDistanceStartsTimer>
  <CleanupResetTimerWithinDistance>false</CleanupResetTimerWithinDistance>
  <CleanupDistanceTrigger>50000</CleanupDistanceTrigger>
  <CleanupTimerTrigger>1800</CleanupTimerTrigger>
  <CleanupBlockLimitTrigger>0</CleanupBlockLimitTrigger>
  <CleanupIncludeUnowned>true</CleanupIncludeUnowned>
  <CleanupUnpoweredOverride>true</CleanupUnpoweredOverride>
  <CleanupUnpoweredDistanceTrigger>25000</CleanupUnpoweredDistanceTrigger>
  <CleanupUnpoweredTimerTrigger>900</CleanupUnpoweredTimerTrigger>
  <UseBlockDisable>false</UseBlockDisable>
  <DisableBlocksByType>
    <string>ObjectBuilderTypeHere</string>
    <string>AnotherObjectBuilderTypeHere</string>
  </DisableBlocksByType>
  <DisableBlocksByDefinitionId>
    <string>DefinitionIdHere</string>
    <string>AnotherDefinitionIdHere</string>
  </DisableBlocksByDefinitionId>
  <ModVersion>2.71.12</ModVersion>
  <DespawnDistanceFromPlayer>1000</DespawnDistanceFromPlayer>
</ConfigOtherNPCs>