<?xml version="1.0" encoding="utf-16"?>
<ConfigCustomBlocks xmlns:xsd="http://www.w3.org/2001/XMLSchema" xmlns:xsi="http://www.w3.org/2001/XMLSchema-instance">
  <ModVersion>2.71.12</ModVersion>
  <ProprietaryReactorFuelAmount>100</ProprietaryReactorFuelAmount>
  <UseDisposableBeaconPlayerDistance>true</UseDisposableBeaconPlayerDistance>
  <UseDisposableBeaconInactivity>true</UseDisposableBeaconInactivity>
  <DisposableBeaconPlayerDistanceTrigger>7500</DisposableBeaconPlayerDistanceTrigger>
  <DisposableBeaconRemovalTimerMinutes>60</DisposableBeaconRemovalTimerMinutes>
</ConfigCustomBlocks>