<?xml version="1.0" encoding="utf-16"?>
<ConfigCombat xmlns:xsd="http://www.w3.org/2001/XMLSchema" xmlns:xsi="http://www.w3.org/2001/XMLSchema-instance">
  <EnableCombatPhaseSystem>false</EnableCombatPhaseSystem>
  <MinCombatPhaseSeconds>900</MinCombatPhaseSeconds>
  <MaxCombatPhaseSeconds>1800</MaxCombatPhaseSeconds>
  <MinPeacePhaseSeconds>1800</MinPeacePhaseSeconds>
  <MaxPeacePhaseSeconds>3600</MaxPeacePhaseSeconds>
  <CombatPhaseModIdOverride />
  <AllPhaseModIdOverride />
  <CombatPhaseSpawnGroupOverride />
  <AllPhaseSpawnGroupOverride />
  <UseCombatPhaseSpawnTimerMultiplier>false</UseCombatPhaseSpawnTimerMultiplier>
  <CombatPhaseSpawnTimerMultiplier>1.5</CombatPhaseSpawnTimerMultiplier>
  <AnnouncePhaseChanges>false</AnnouncePhaseChanges>
  <ModVersion>2.71.12</ModVersion>
</ConfigCombat>