<?xml version="1.0" encoding="utf-16"?>
<ConfigCreatures xmlns:xsd="http://www.w3.org/2001/XMLSchema" xmlns:xsi="http://www.w3.org/2001/XMLSchema-instance">
  <ModVersion>2.71.12</ModVersion>
  <EnableSpawns>true</EnableSpawns>
  <OverrideVanillaCreatureSpawns>false</OverrideVanillaCreatureSpawns>
  <MinCreatureSpawnTime>900</MinCreatureSpawnTime>
  <MaxCreatureSpawnTime>1200</MaxCreatureSpawnTime>
  <MaxPlayerAltitudeForSpawn>150</MaxPlayerAltitudeForSpawn>
  <CoordsAttemptsPerCreature>10</CoordsAttemptsPerCreature>
  <SpawnTypeBlacklist>
    <string>SpawnGroupSubtypeIdHere</string>
    <string>SpawnGroupSubtypeIdHere</string>
  </SpawnTypeBlacklist>
  <SpawnTypePlanetBlacklist>
    <string>PlanetSubtypeIdHere</string>
    <string>AnotherPlanetSubtypeId</string>
  </SpawnTypePlanetBlacklist>
  <UseTimeout>true</UseTimeout>
  <TimeoutRadius>5000</TimeoutRadius>
  <TimeoutSpawnLimit>12</TimeoutSpawnLimit>
  <TimeoutDuration>900</TimeoutDuration>
  <EnableWaveSpawner>false</EnableWaveSpawner>
  <UseSpecificRandomGroups>
    <string>SomeSpawnGroupNameHere</string>
    <string>AnotherSpawnGroupNameHere</string>
    <string>EtcEtcEtc</string>
  </UseSpecificRandomGroups>
  <MinWaveSpawnTime>1980</MinWaveSpawnTime>
  <MaxWaveSpawnTime>3600</MaxWaveSpawnTime>
  <TotalSpawnEventsPerCluster>6</TotalSpawnEventsPerCluster>
  <TimeBetweenWaveSpawns>8</TimeBetweenWaveSpawns>
  <PlayerClusterDistance>15000</PlayerClusterDistance>
</ConfigCreatures>