<?xml version="1.0" encoding="utf-16"?>
<ConfigRandomEncounters xmlns:xsd="http://www.w3.org/2001/XMLSchema" xmlns:xsi="http://www.w3.org/2001/XMLSchema-instance">
  <SpawnTypeBlacklist>
    <string>AddSpawnGroupIdHere</string>
    <string>AddAnotherSpawnGroupIdHere</string>
  </SpawnTypeBlacklist>
  <SpawnTypePlanetBlacklist>
    <string>AddPlanetIdHere</string>
    <string>AddAnotherPlanetIdHere</string>
  </SpawnTypePlanetBlacklist>
  <PlanetSpawnFilters>
    <PlanetSpawnFilter>
      <PlanetName>Alien</PlanetName>
      <PlanetId>7227078719122709097</PlanetId>
      <PlanetSpawnGroupBlacklist>
        <SpawnGroup>AddSpawnGroupIdHere</SpawnGroup>
        <SpawnGroup>AddAnotherSpawnGroupIdHere</SpawnGroup>
      </PlanetSpawnGroupBlacklist>
    </PlanetSpawnFilter>
    <PlanetSpawnFilter>
      <PlanetName>EarthLike</PlanetName>
      <PlanetId>3868533696819502467</PlanetId>
      <PlanetSpawnGroupBlacklist>
        <SpawnGroup>AddSpawnGroupIdHere</SpawnGroup>
        <SpawnGroup>AddAnotherSpawnGroupIdHere</SpawnGroup>
      </PlanetSpawnGroupBlacklist>
    </PlanetSpawnFilter>
    <PlanetSpawnFilter>
      <PlanetName>Moon</PlanetName>
      <PlanetId>8162427135541297003</PlanetId>
      <PlanetSpawnGroupBlacklist>
        <SpawnGroup>AddSpawnGroupIdHere</SpawnGroup>
        <SpawnGroup>AddAnotherSpawnGroupIdHere</SpawnGroup>
      </PlanetSpawnGroupBlacklist>
    </PlanetSpawnFilter>
    <PlanetSpawnFilter>
      <PlanetName>Titan</PlanetName>
      <PlanetId>6409848419840584595</PlanetId>
      <PlanetSpawnGroupBlacklist>
        <SpawnGroup>AddSpawnGroupIdHere</SpawnGroup>
        <SpawnGroup>AddAnotherSpawnGroupIdHere</SpawnGroup>
      </PlanetSpawnGroupBlacklist>
    </PlanetSpawnFilter>
    <PlanetSpawnFilter>
      <PlanetName>Europa</PlanetName>
      <PlanetId>-6999989728267602142</PlanetId>
      <PlanetSpawnGroupBlacklist>
        <SpawnGroup>AddSpawnGroupIdHere</SpawnGroup>
        <SpawnGroup>AddAnotherSpawnGroupIdHere</SpawnGroup>
      </PlanetSpawnGroupBlacklist>
    </PlanetSpawnFilter>
    <PlanetSpawnFilter>
      <PlanetName>Mars</PlanetName>
      <PlanetId>7376538848170297803</PlanetId>
      <PlanetSpawnGroupBlacklist>
        <SpawnGroup>AddSpawnGroupIdHere</SpawnGroup>
        <SpawnGroup>AddAnotherSpawnGroupIdHere</SpawnGroup>
      </PlanetSpawnGroupBlacklist>
    </PlanetSpawnFilter>
    <PlanetSpawnFilter>
      <PlanetName>Triton</PlanetName>
      <PlanetId>6525117208432977790</PlanetId>
      <PlanetSpawnGroupBlacklist>
        <SpawnGroup>AddSpawnGroupIdHere</SpawnGroup>
        <SpawnGroup>AddAnotherSpawnGroupIdHere</SpawnGroup>
      </PlanetSpawnGroupBlacklist>
    </PlanetSpawnFilter>
    <PlanetSpawnFilter>
      <PlanetName>Pertam</PlanetName>
      <PlanetId>6902088205773520807</PlanetId>
      <PlanetSpawnGroupBlacklist>
        <SpawnGroup>AddSpawnGroupIdHere</SpawnGroup>
        <SpawnGroup>AddAnotherSpawnGroupIdHere</SpawnGroup>
      </PlanetSpawnGroupBlacklist>
    </PlanetSpawnFilter>
  </PlanetSpawnFilters>
  <UseTypeDisownTimer>false</UseTypeDisownTimer>
  <TypeDisownTimer>0</TypeDisownTimer>
  <UseTimeout>true</UseTimeout>
  <TimeoutRadius>25000</TimeoutRadius>
  <TimeoutSpawnLimit>2</TimeoutSpawnLimit>
  <TimeoutDuration>900</TimeoutDuration>
  <UseCleanupSettings>true</UseCleanupSettings>
  <OnlyCleanNpcsFromMes>true</OnlyCleanNpcsFromMes>
  <CleanupUseDistance>true</CleanupUseDistance>
  <CleanupUseTimer>true</CleanupUseTimer>
  <CleanupUseBlockLimit>false</CleanupUseBlockLimit>
  <CleanupDistanceStartsTimer>true</CleanupDistanceStartsTimer>
  <CleanupResetTimerWithinDistance>false</CleanupResetTimerWithinDistance>
  <CleanupDistanceTrigger>50000</CleanupDistanceTrigger>
  <CleanupTimerTrigger>3600</CleanupTimerTrigger>
  <CleanupBlockLimitTrigger>0</CleanupBlockLimitTrigger>
  <CleanupIncludeUnowned>true</CleanupIncludeUnowned>
  <CleanupUnpoweredOverride>false</CleanupUnpoweredOverride>
  <CleanupUnpoweredDistanceTrigger>25000</CleanupUnpoweredDistanceTrigger>
  <CleanupUnpoweredTimerTrigger>900</CleanupUnpoweredTimerTrigger>
  <UseBlockDisable>false</UseBlockDisable>
  <DisableBlocksByType>
    <string>ObjectBuilderTypeHere</string>
    <string>AnotherObjectBuilderTypeHere</string>
  </DisableBlocksByType>
  <DisableBlocksByDefinitionId>
    <string>DefinitionIdHere</string>
    <string>AnotherDefinitionIdHere</string>
  </DisableBlocksByDefinitionId>
  <ModVersion>2.71.12</ModVersion>
  <EnableSpawns>true</EnableSpawns>
  <PlayerSpawnCooldown>300</PlayerSpawnCooldown>
  <SpawnTimerTrigger>60</SpawnTimerTrigger>
  <PlayerTravelDistance>15000</PlayerTravelDistance>
  <MaxShipsPerArea>10</MaxShipsPerArea>
  <AreaSize>25000</AreaSize>
  <MinSpawnDistanceFromPlayer>8000</MinSpawnDistanceFromPlayer>
  <MaxSpawnDistanceFromPlayer>12000</MaxSpawnDistanceFromPlayer>
  <MinDistanceFromOtherEntities>3000</MinDistanceFromOtherEntities>
  <RemoveVoxelsIfGridRemoved>true</RemoveVoxelsIfGridRemoved>
  <SpawnAttempts>10</SpawnAttempts>
  <UseMaxSpawnGroupFrequency>false</UseMaxSpawnGroupFrequency>
  <MaxSpawnGroupFrequency>5</MaxSpawnGroupFrequency>
  <DespawnDistanceFromPlayer>1000</DespawnDistanceFromPlayer>
</ConfigRandomEncounters>